Group,#,Video,Angle,Status
A. Brand and hero films,1,Manifesto,"A child glued to a phone, then Cheeko. ""Less screen, more childhood."" ""No video. No feed. No ads. All play.""",Done: V03 No Tantrum (English + Hindi)
A. Brand and hero films,2,All features in 22s,Every feature in one fast film,Done: V01 Everything Cheeko Does
A. Brand and hero films,3,"""It's made to end""","""This is everything it ever shows."" A screen that stops on its own raises kids who know how to stop.",Done: V04 Built to END (English + Hindi)
A. Brand and hero films,4,"Made in India, ""We're parents too""","Altio AI; backed by Anvesana, Swissnex India and Sarvam AI; demoed at Toybiz",Done: V05 Made in India (English + Hindi)
B. One feature per video,5,Cards,"""Insert. Play. Repeat.""",Done: V02 Hand Them Cheeko
B. One feature per video,6,"Talk: ""Ask anything""","Real questions and Cheeko's answers, with the face changing expression",Needs shoot
B. One feature per video,7,"Imagine: ""Say it. See it.""",Say a wish and it gets drawn on screen,Can make now
B. One feature per video,8,Funny Voice,"Record, then play back as Chipmunk, Monster, Robot, Echo or Speedy. Fully offline",Needs shoot
B. One feature per video,9,8 offline games,"Jump is the hero (motion sensor), plus Paint, Trace, Piano and Memory",Needs shoot
B. One feature per video,10,Make Your Own card,"""Grandma's voice, on demand."" Record 10 clips",Can make now (better with a shoot)
B. One feature per video,11,"Nani, the storyteller","Stories and bedtime stories. ""Interrupt her mid-story. She listens."" The child steers the story",Needs shoot
B. One feature per video,12,Quizzy,"""Ten quick questions a day. No scores, no pressure.""",Can make now
B. One feature per video,13,"Mitthu, your English teacher","Mitthu the Parrot teaches English: new words, meanings, spelling and speaking, and mixes in Hindi to explain",Can make now
C. What makes Cheeko different,14,It remembers,Day 1 the child mentions their dog Bruno; day 3 Cheeko asks about Bruno,Needs shoot
C. What makes Cheeko different,15,Speaks your family's language,"English plus 10 Indian languages; ""One card, one language.""",Can make now
C. What makes Cheeko different,16,"Grows with them, ages 3 to 10","Same question, different answer for a 4-year-old and a 9-year-old","Needs shoot, after age bands reach prod"
C. What makes Cheeko different,17,Comparison,"Tablet Rs 12k to 30k, story box Rs 4k to 12k, talking toy Rs 1.5k to 4k, and what only Cheeko does",Can make now
D. Parent trust,18,Safety,"Push-to-talk like a walkie-talkie, no camera, child-safety filters",Can make now
D. Parent trust,19,"""You see everything""","Parent app: Today with Cheeko, Moment of the day, Imagine gallery, daily streak, House rules",Needs app screen recording
D. Parent trust,20,Unboxing and setup,"What's in the box, Bluetooth setup, Cheeko speaking its 6-digit code",Needs shoot + app recording
D. Parent trust,21,FAQ shorts series,One 10s answer each: internet? subscription? what does the screen show? under 3?,Can make now
E. Moments and seasonal,22,A day with Cheeko,"Morning rhymes, a quiz after school, a game in the evening, Nani's story at bedtime",Needs shoot
E. Moments and seasonal,23,Diwali and birthday gifting,"Diwali is in early November, so schedule now",Can make now
E. Moments and seasonal,24,Hidden delights,"Shake it and Cheeko giggles, time-of-day wallpapers, Dinku and Robu themes",Needs shoot
E. Moments and seasonal,25,New cards coming,5 new cards for Rs 499,Can make now
